,intensity,length_ms,zero_crossings_sum
0,-36.79343187,3737,16995
1,-34.542084605,3904,13906
2,-32.29073734,4671,18723
3,-49.01983891,3637,11617
4,-31.21450288,4404,15137
5,-36.31224418,3570,12143
6,-42.703643035,3770,14239
7,-49.09504189,3437,11147
8,-45.90683694,3770,15293
9,-47.67466429,4371,13024
10,-49.44249164,4438,19359
11,-51.21031899,3637,12597
12,-52.97814634,3971,12339
13,-54.74597369,4504,13640
14,-43.82334959,5038,15485
15,-35.54925217,4872,15125
16,-47.83196588,3971,10575
17,-22.3675877,3737,21222
18,-27.46120938,3904,14749
19,-41.58574576,3704,16867
20,-31.76159144,5339,14713
21,-37.01615919,4705,15175
22,-30.41385981,3637,16499
23,-35.54700297,3971,13547
24,-40.68014613,3704,13467
25,-43.676136535,4838,15729
26,-46.67212694,3136,9267
27,-44.07302531333333,3604,12906
28,-41.473923686666666,3770,11446
29,-38.87482206,3837,11703
30,-29.87694438,3604,14759
31,-28.30790813666667,3737,14461
32,-26.73887189333333,4771,17297
33,-25.16983565,4238,18411
34,-41.18167804,3604,14315
35,-25.45817013,4504,20627
36,-24.61136441,4137,10885
37,-26.089807005,4638,11520
38,-27.5682496,4204,17072
39,-36.3618384,3737,12115
40,-45.1554272,3770,8611
41,-42.85075864,3770,11395
42,-38.86400386,5639,9811
43,-34.87724908,5072,15835
44,-40.04039884,3637,10439
45,-45.2035486,3670,10143
46,-42.3109892525,3737,15209
47,-39.418429905,4004,13031
48,-36.5258705575,5072,16911
49,-33.63331121,5038,13503
50,-35.83988526,5539,15813
51,-40.28781345,4571,13257
52,-45.10757094,3670,11757
53,-37.26407188,4137,16676
54,-27.38643799,3971,19295
55,-34.299269745000004,4538,18417
56,-41.2121015,4504,17224
57,-41.258304782500005,4404,19057
58,-41.304508065,4304,12953
59,-41.3507113475,3604,15801
60,-41.39691463,3804,13149
61,-42.38942692,6373,17155
62,-43.38193921,3704,13129
63,-37.420427895,3637,12905
64,-31.45891658,4905,15069
65,-35.418531005,4671,13159
66,-39.37814543,4238,15867
67,-38.22447764,4438,9841
68,-36.36441184,4071,11643
69,-42.14419939,4371,17041
70,-39.80810256,4705,10003
71,-41.460195805,5839,10733
72,-43.11228905,3670,11669
73,-40.16850086666667,3470,11019
74,-37.22471268333333,4371,12833
75,-34.2809245,4571,16134
76,-29.17090167,3837,11649
77,-33.58251639,3337,11335
78,-34.88712042,4872,11493
79,-36.19172445,4304,14035
80,-34.22621005,4872,10736
81,-32.65850794,4238,12201
82,-37.32230152,4471,18187
83,-31.46883764,3704,7579
84,-32.50861659,3837,16873
85,-33.54839554,3570,12962
86,-34.58817449,4471,17592
87,-36.154490605,5172,11343
88,-37.72080672,5239,9257
89,-40.65152703,4037,18159
90,-38.7821717,3504,8106
91,-40.17889805,3837,10146
92,-48.79805947,3570,6659
93,-40.77405957,4872,9966
94,-32.75005967,4137,12917
95,-31.5086356,4271,12506
96,-38.26063892,3203,9967
97,-45.01264224,3470,10253
98,-35.42313904,4238,13291
99,-28.73261504,4438,12299
100,-24.63107162,4471,12927
101,-20.5295282,3237,11601
102,-33.71006478,3537,10003
103,-32.15002827,3637,11594
104,-45.25193808,3303,10357
105,-40.006200165,3437,10894
106,-34.76046225,3470,11427
107,-33.54747866,3237,7766
108,-32.33449507,3303,6305
109,-31.604350975000003,4638,13082
110,-30.87420688,5005,11505
111,-28.401533225,3504,7103
112,-25.92885957,3504,12235
113,-23.456185915,3904,14783
114,-20.98351226,4404,19641
115,-30.3442585,3737,8567
116,-39.70500474,3203,7569
117,-31.3505263,4738,13041
118,-41.287337405,4671,10120
119,-51.22414851,3136,8217
120,-51.92743685,4004,15204
121,-49.96833191,4638,7997
122,-49.580691858,4705,10153
123,-49.193051806,3504,8138
124,-48.805411754000005,3136,10722
125,-48.417771702,3136,7831
126,-48.03013165,3737,16234
127,-42.00953174,4438,12399
128,-39.88623703,3637,7682
129,-24.72022293,4805,16591
130,-28.0908916425,3804,18873
131,-31.461560355,3637,8699
132,-34.8322290675,3604,11715
133,-38.20289778,3203,10482
134,-25.26164841,4705,14471
135,-44.73392668,3403,5733
136,-41.555491735,3303,14659
137,-38.37705679,3504,10279
138,-30.5022216,4938,10555
139,-34.84258514,3403,10057
140,-39.18294868,3237,9291
141,-31.38978463,3937,12530
142,-42.59687323,3704,9883
143,-35.16107812,3704,10463
144,-45.331411515,3170,7890
145,-55.50174491,4137,12591
146,-47.89752008,4338,9709
147,-49.28054706,4972,13015
148,-50.66357404,3604,12140
149,-49.80288139,3337,9467
150,-55.98893183,3837,11483
151,-51.74262776166667,5105,10767
152,-47.49632369333333,5506,10960
153,-43.250019625,4738,16563
154,-39.00371555666666,4238,16645
155,-34.75741148833333,3537,8546
156,-30.51110742,3504,10859
157,-32.88922242,4137,9257
158,-29.920973695,4471,12904
159,-26.95272497,3437,8633
160,-23.984476245000003,3470,9715
161,-21.01622752,4104,17272
162,-49.17090167,3237,6932
163,-37.96899188,3770,13007
164,-32.943137539999995,3303,10350
165,-27.9172832,4471,12149
166,-38.26779887,4605,10536
167,-26.42981914,4137,14783
168,-55.19150159,3670,9674
169,-53.0425415,3570,9051
170,-31.99045447,4438,10989
171,-58.71332677,3170,9149
172,-47.618074145,3237,9159
173,-36.52282152,4605,12599
174,-19.82627117,4371,13193
175,-50.84644163,4605,11426
176,-21.98617808,4104,15261
177,-40.82467342,4738,12279
178,-28.90824137,4504,12009
179,-31.97991973,3504,15765
180,-31.24347197,3637,10927
181,-44.46387727,3203,7944
182,-30.62745802,3871,10110
183,-38.03216226,4238,10946
184,-35.65799699,4605,13667
185,-33.28383172,3837,11230
186,-45.44823773,3237,9585
187,-44.46387727,3303,6634
188,-47.14174886,3871,14093
189,-41.3348723,4504,10118
190,-40.82467342,4705,6367
191,-49.17090167,3570,7371
192,-41.74630282,3737,10199
193,-41.29252502,3737,7491
194,-40.83874722,3303,7670
195,-40.38496942,4504,6981
196,-39.93119162,4304,10063
197,-39.47741382,4438,10103
198,-37.28343842,4137,6069
199,-40.31525705,3437,8161
200,-34.39139835,4037,13654
201,-34.40532923666667,3403,11593
202,-34.41926012333334,4771,11461
203,-34.43319101,4171,12264
204,-32.71561459,4004,10376
205,-32.332003275,3504,10612
206,-31.94839196,3504,10669
207,-56.15759518,3470,11094
208,-47.32461645,5372,9491
209,-63.8646128,3403,9006
210,-44.50830647,4204,13843
211,-37.875889220000005,3303,6956
212,-31.24347197,5005,13563
213,-26.91551002,5305,16848
214,-31.745891665,4438,12582
215,-36.57627331,3637,11941
216,-34.41716821,4071,13447
217,-32.25806311,4371,9327
218,-43.5001164,4471,10263
219,-33.50687681,4538,12917
220,-32.36745864,4638,9749
221,-36.75685964,3804,12086
222,-46.129302275,4271,12265
223,-55.50174491,3904,15912
224,-45.34953337,5339,8819
225,-44.15907794,4371,8113
226,-38.72145483,3637,10875
227,-33.28383172,4438,12263
228,-35.11564181,4738,13225
229,-34.46116491,3770,13789
230,-42.63269138,4071,13569
231,-44.73392668,3937,10327
232,-38.28954079,4705,12666
233,-39.40285637,4805,13833
234,-44.24507755,4938,9139
235,-32.23634838,4238,14969
236,-25.7770006,3937,13303
237,-44.82584171,4104,12494
238,-39.18294868,4671,8545
239,-49.40253912,3637,11961
240,-43.11228905,3504,6479
241,-60.48176482,3370,8677
242,-53.60788122333334,5172,11143
243,-46.73399762666666,4438,18477
244,-39.86011403,5239,15997
245,-52.5791842,3604,9769
246,-46.17248118,3937,13111
247,-40.2604563,3737,12905
248,-24.00639236,4338,17189
249,-29.08749223,3971,15009
250,-28.06360333,4605,21445
251,-19.61578718,3971,25095
252,-27.67021279,3770,18945
253,-32.88922242,4705,23163
254,-29.70510299,4037,16193
255,-34.517018225,4404,10551
256,-39.32893346,3904,16983
257,-43.26534834,3670,18369
258,-43.11361431,4404,10427
259,-42.96188028,3770,15721
260,-48.65329129,3604,10049
261,-40.95993309666667,5038,11067
262,-33.266574903333336,4605,19874
263,-25.57321671,4071,14843
264,-28.08235413,3537,9979
265,-30.59149155,3470,15834
266,-26.39653983,4137,15789
267,-21.46567698,4805,24982
268,-37.34179848,3570,13073
269,-40.83852094666667,3904,22352
270,-44.33524341333333,4404,19944
271,-47.83196588,3604,6123
272,-30.54546681,4605,16089
273,-28.36385251,3604,10505
274,-26.988722655,4037,11299
275,-25.6135928,3937,13096
276,-38.7362145,5205,13565
277,-38.39907426,4938,13693
278,-36.81177588,3670,9096
279,-42.387674335,3570,8955
280,-47.96357279,3637,9551
281,-36.05600467,3704,10662
282,-31.00496468,4504,12146
283,-24.10363137,4338,11811
284,-32.28685134333333,3470,6399
285,-40.47007131666666,3237,6043
286,-48.65329129,4371,10887
287,-49.72132315,3537,4721
288,-47.88499720571429,3437,11447
289,-46.048671261428574,3570,16403
290,-44.21234531714286,3403,17779
291,-42.37601937285714,4271,18335
292,-40.53969342857143,3737,15794
293,-38.70336748428572,4238,13533
294,-36.86704154,4671,13163
295,-37.314361555000005,3971,8961
296,-37.76168157,3737,17352
297,-37.10470973,5172,21204
298,-36.44773789,4838,19358
299,-35.48525359333333,3237,8205
300,-35.17974113666667,3637,10137
301,-34.87422868,3670,18055
302,-34.56871622333333,4304,16055
303,-34.26320376666667,3537,13191
304,-33.95769131,4137,16389
305,-36.68417395,3737,16349
306,-38.298306385,3370,14189
307,-39.91243882,3537,9191
308,-51.32119857,3570,10295
309,-50.39629481,3403,9315
310,-38.7821717,4371,14819
311,-41.81136597,3537,13109
312,-25.62878235,4271,16799
313,-34.37751203,3470,15251
314,-34.70008740666667,3437,17365
315,-35.02266278333333,4104,18605
316,-35.34523816,3470,13605
317,-23.8977651,4671,23526
318,-23.506923975,3237,8358
319,-23.11608285,5038,19509
320,-38.28954079,3303,16811
321,-21.08803687,4171,16332
322,-22.122980585,3403,14745
323,-23.1579243,3770,16005
324,-27.4199430075,3704,20315
325,-31.681961715,3737,18484
326,-35.943980422500005,4338,13407
327,-40.20599913,4571,11463
328,-44.564406745,3871,10795
329,-48.92281436,3403,7175
330,-53.281221975,3570,9035
331,-57.63962959,3637,7503
332,-36.45206031,3904,9531
333,-33.13825475,5405,11849
334,-41.36583807,5005,14994
335,-51.22414851,3604,9843
336,-34.47518572,4071,14931
337,-31.85448954,4104,13838
338,-47.63822053,3637,9367
339,-33.39463834,4938,15343
340,-33.12623275,4638,15711
341,-30.65453095,4171,16703
342,-22.943261,3837,15317
343,-31.38866518,3670,11029
344,-39.83406936,5205,16749
345,-42.85075864,5305,11489
346,-19.40780701,3837,14425
347,-60.48176482,3637,8857
348,-29.15567662,3804,14737
349,-29.20908147,5138,19453
350,-32.89287308,3904,12151
351,-36.57666469,3470,16668
352,-40.2604563,3704,19078
353,-37.98999767,3403,11777
354,-30.64507962,5305,14245
355,-23.30016157,4271,16387
356,-24.3687680175,3670,11859
357,-25.437374465,3604,14413
358,-26.5059809125,4371,17203
359,-27.57458736,3737,17555
360,-36.07285412,4371,17063
361,-27.53031989,4872,18900
362,-28.919659295,4504,13085
363,-30.3089987,4204,20185
364,-29.65662348,3770,17975
365,-35.6611235,3871,17072
366,-38.8052418,3570,18419
367,-35.62901297,4304,13689
368,-27.8843696,5072,18101
369,-35.04043883,5405,15791
370,-30.94868442,4638,15234
371,-48.58180209,3837,12647
372,-44.169101385,3437,11297
373,-39.75640068,4004,15379
374,-24.7889589,4438,14263
375,-18.5570241,4538,19912
376,-31.422711445,3403,10377
377,-44.28839879,3637,6777
378,-43.50659015,3670,13935
379,-42.72478151,4171,18990
380,-41.94297287,5072,9853
381,-30.61845243,4771,18161
382,-30.86494193,3837,13401
383,-30.149419045,4304,17704
384,-29.43389616,4705,10753
385,-34.99549691,4738,10557
386,-40.55709766,4438,12306
387,-46.11869841,4338,14809
388,-43.20325593,3904,10203
389,-40.28781345,4571,15761
390,-36.52282152,4638,12560
391,-36.68417395,5539,14721
392,-35.06736912666667,3937,11002
393,-33.45056430333334,4137,13328
394,-31.83375948,4171,11071
395,-30.80955881,3937,12031
396,-27.40377341,3704,10174
397,-23.99798801,4571,13870
398,-43.74140663,4504,10886
399,-40.17889805,4338,9239
400,-41.8377411,4371,11078
401,-43.49658415,4805,16022
402,-45.1554272,4171,16891
403,-28.91563676,4204,12619
404,-37.1106747,4938,12881
405,-44.119422775,4805,17491
406,-51.12817085,3670,6911
407,-36.79343187,3837,10927
408,-33.97993331,3470,10721
409,-31.16643475,4104,17017
410,-37.07274499,4137,8697
411,-37.201732756666665,3337,14071
412,-37.33072052333333,4271,15731
413,-37.45970829,4504,11550
414,-43.90607298,4571,11169
415,-50.39629481,5072,11479
416,-51.54451083,4104,9849
417,-52.69272685,3136,8647
418,-44.168890125,3737,10626
419,-35.6450534,3370,12401
420,-34.92881926,4504,10661
421,-34.21258512,4438,8955
422,-29.70510299,4605,17527
423,-34.50329542,4238,10872
424,-38.06045802,3937,11287
425,-41.61762062,3470,6525
426,-36.87182574333333,5839,21726
427,-32.12603086666667,4238,12780
428,-27.38023599,4171,11189
429,-29.29367247,4671,12393
430,-43.673497015,3337,8108
431,-58.05332156,3637,10866
432,-51.39362412,3670,10863
433,-44.73392668,6106,10813
434,-39.75640068,5105,9140
435,-47.17940134,3604,10267
436,-54.602402,4338,14699
437,-27.05173883,4037,12353
438,-31.90703276,4671,11727
439,-36.76232669,4438,13193
440,-41.61762062,4137,24330
441,-17.07085284,4338,27290
442,-53.0425415,3804,9812
443,-54.7738093,5572,11661
444,-56.5050771,3203,7657
445,-42.31552427,4338,12000
446,-38.82263287,3337,8409
447,-35.32974147,3770,9759
448,-43.98959179,4037,10751
449,-33.86563711,4404,12549
450,-31.45891658,4771,10263
451,-38.283243760000005,3971,11514
452,-45.10757094,3504,8740
453,-39.75640068,4504,5777
454,-35.64136389666667,4338,13890
455,-27.41129033,3203,10098
456,-23.18083216,3403,14025
457,-37.96899188,3337,9649
458,-36.02380381,4104,10391
459,-34.07861574,4338,11026
460,-32.13342767,3437,14797
461,-30.1882396,3570,12334
462,-35.62463917,3537,8884
463,-41.06103874,3070,9051
464,-37.7892116,3470,9600
465,-34.51738446,4371,13649
466,-43.61992368,3470,9019
467,-38.99204233,3403,11221
468,-36.0224035,5005,16139
469,-39.42380201666667,3203,9201
470,-42.82520053333333,4071,13197
471,-46.22659905,3170,8237
472,-45.95931981,3737,10873
473,-37.86471824,4271,13143
474,-33.34521636,4638,8863
475,-40.365827175,3403,9203
476,-47.38643799,3504,7747
477,-44.86831826,5405,13307
478,-42.35019853,3737,8972
479,-41.7139531,3470,17127
480,-47.02194158,3837,13109
481,-37.84839744,3470,8508
482,-28.6748533,4771,15371
483,-43.947732,3737,12917
484,-43.906271196666665,4338,13701
485,-43.864810393333336,3604,12527
486,-43.82334959,3370,12401
487,-43.91800502,4004,12191
488,-44.01266045,3237,9781
489,-44.10731588,4371,14717
490,-44.20197131,3070,9364
491,-42.59687323,4304,10553
492,-38.53001375666667,3070,10017
493,-34.46315428333333,3604,8034
494,-30.39629481,3270,9821
495,-32.94158396,3670,11115
496,-35.48687311,3470,13433
497,-38.03216226,3670,12877
498,-39.65065532333333,4404,11631
499,-41.26914838666666,4872,9480
500,-42.88764145,4037,12286
501,-44.15907794,3871,9621
502,-40.358748705,5005,9718
503,-36.55841947,5172,11236
504,-40.23047543333333,3971,10499
505,-43.90253139666667,3737,10999
506,-47.57458736,4104,11331
507,-39.65391112,4104,10981
508,-45.80281306,4104,9965
509,-46.041934635,5105,12663
510,-46.28105621,4905,11818
511,-47.19398377666667,3136,9269
512,-48.10691134333333,3604,11279
513,-49.01983891,3537,10154
514,-42.07495285666666,3537,9907
515,-35.130066803333335,5272,11557
516,-28.18518075,4404,11466
517,-26.05991948,4371,17204
518,-35.26802974,3604,14106
519,-37.72080672,3537,11885
520,-24.17620988,4204,10148
521,-20.49017459,4171,10809
522,-31.10910193,4271,11979
523,-25.71536185,5172,19044
524,-30.35253708,3804,14724
525,-28.37079844,3837,13729
526,-33.60787666,4671,12485
527,-28.89346944,4872,20713
528,-34.1208224275,4404,12643
529,-39.348175415,4838,12833
530,-44.5755284025,4137,14449
531,-49.80288139,3203,8929
532,-49.09504189,3403,12935
533,-41.18167804,3837,17359
534,-42.52567701,4271,10598
535,-45.34953337,4738,10337
536,-42.144554346,4705,13141
537,-38.939575322,3270,6619
538,-35.734596298,4671,14317
539,-32.529617274,4771,14427
540,-29.32463825,3203,6737
541,-36.00565154,4638,13575
542,-32.12858161,4571,14153
543,-24.59785252,4805,17251
544,-25.5567801575,3837,13025
545,-26.515707795,3504,10361
546,-27.4746354325,4738,17741
547,-28.43356307,4671,17445
548,-31.30270059,4037,20189
549,-34.17183811,4204,20334
550,-45.59842976,5372,14867
551,-36.70228843,4438,16505
552,-36.73863112,4571,17373
553,-39.03937699,4538,16196
554,-40.312561375,3871,17777
555,-41.58574576,4037,16999
556,-32.75005967,3871,13625
557,-27.49883784,4738,16483
558,-31.975449075,4538,16095
559,-36.45206031,4404,14759
560,-35.38712401,4671,18231
561,-34.32218771,3804,17341
562,-32.51015610333334,3670,12112
563,-30.69812449666667,4404,14035
564,-28.88609289,4504,15428
565,-30.16754986,4638,19005
566,-31.44900683,4605,16349
567,-39.27999874,3704,12141
568,-42.38501176,3604,10370
569,-56.15759518,3504,12227
570,-55.151710314,4738,15307
571,-54.145825448,5606,15369
572,-53.139940582,3604,11609
573,-52.134055716,3737,10973
574,-51.12817085,3637,12892
575,-32.45597802,5072,16449
576,-41.15136076,3637,10439
577,-40.15510771,3937,16407
578,-39.15885466,3370,14358
579,-47.38643799,3437,11128
580,-48.79730188333333,3504,9105
581,-50.20816577666667,5606,15682
582,-51.61902967,3537,11772
583,-45.49801373,3871,11577
584,-45.75902789,5005,12379
585,-46.02004205,5339,12129
586,-46.28105621,4137,12745
587,-21.10006302,3604,19482
588,-26.99817716,3637,7470
589,-29.89348894,3470,13209
590,-32.22551133,4471,12975
591,-38.33318856,4605,17871
592,-31.77727835666667,3637,20165
593,-25.221368153333337,3704,9054
594,-18.66545795,4104,20953
595,-29.315269345,3203,13792
596,-39.96508074,4204,19560
597,-39.66443429666666,4071,20083
598,-39.363787853333335,3237,17021
599,-39.06314141,3237,10233
600,-42.432977235,4338,18040
601,-45.80281306,3504,15519
602,-45.26919914333333,3737,16158
603,-44.73558522666666,3570,12048
604,-44.20197131,3837,11589
605,-36.95993964,5372,12813
606,-36.22598836,4838,14431
607,-41.42810278,3604,12237
608,-45.49801373,3804,10717
609,-48.304715816666665,4471,17129
610,-51.11141790333333,3570,8263
611,-53.91811999,3470,8245
612,-22.93954193,4972,20201
613,-47.83196588,3136,11365
614,-36.63005608,3303,12826
615,-30.93000508,4004,19848
616,-34.9956276,3403,13467
617,-34.70265246,3604,10905
618,-34.87068609666667,3604,15717
619,-35.03871973333334,4271,14331
620,-35.20675337,3737,16169
621,-31.25338194,4371,17289
622,-27.30001051,3804,17405
623,-26.005554805,3837,19631
624,-24.7110991,3604,14601
625,-20.70598419,4137,25826
626,-31.36823174333333,5405,22522
627,-42.03047929666667,3370,14405
628,-52.69272685,3770,10389
629,-44.988082635,4438,9591
630,-37.28343842,5539,13227
631,-36.68417395,3637,10283
632,-57.43994517,3504,8189
633,-48.836565105000005,3437,8905
634,-40.23318504,3470,9127
635,-28.22608769,4938,17215
636,-46.50236474,3537,10642
637,-30.89276648,4204,19417
638,-41.058457495,3937,19171
639,-51.22414851,3470,9019
640,-40.07133148,4838,14329
641,-38.22447764,5072,13739
642,-31.357492575,3737,9617
643,-24.49050751,3837,16195
644,-27.70232333,4371,14733
645,-29.302410815,4838,14573
646,-30.9024983,3737,16285
647,-32.502585785,4071,8199
648,-34.102673270000004,3770,12791
649,-35.702760755,5105,9561
650,-37.30284824,4838,13679
651,-37.82335678,3437,14073
652,-39.3240151,4271,22167
653,-40.82467342,3537,16240
654,-35.88928382,3804,17839
655,-36.96314461333333,5372,21261
656,-38.037005406666665,3770,18449
657,-39.1108662,3403,12729
658,-35.351232759999995,4371,18705
659,-31.59159932,4304,11435
660,-27.83196588,3770,15635
661,-40.59457017,4404,17897
662,-27.950322,4972,18985
663,-35.37631472,4371,11515
664,-33.64605646,3504,15907
665,-32.63577,4037,14007
666,-28.74711569,4538,18724
667,-34.65954622,4605,11937
668,-29.65352271,4938,18100
669,-24.6474992,4338,13253
670,-40.12494825,4104,14037
671,-49.481145,4104,11091
672,-31.17602712,4605,17622
673,-38.48770656,5639,13509
674,-25.98040208,3837,18340
675,-37.20623,4071,9531
676,-41.90988373,3570,7271
677,-36.55841947,3537,7779
678,-20.76946938,4538,26293
679,-31.84411833,4671,12293
680,-28.17838162,3570,12367
681,-28.390784375,4137,15405
682,-28.60318713,4571,20151
683,-34.31061539,4805,11849
684,-40.01804365,4638,14699
685,-35.98893183,4471,14358
686,-34.40530691,3837,11974
687,-34.30841151,4438,18486
688,-30.33509553,4571,14704
689,-31.96917619333333,4571,13593
690,-33.60325685666666,3570,12266
691,-35.23733752,4204,14661
692,-32.977684365,3837,10559
693,-30.71803121,4938,18857
694,-30.49334486,4271,11515
695,-42.14419939,4304,9453
696,-33.13455725,4171,10015
697,-24.12491511,4571,14326
698,-44.24507755,3403,8520
699,-30.75452659,3670,11779
700,-41.288969785,3837,10631
701,-51.82341298,3437,9513
702,-21.31943072,4771,14810
703,-39.6031163,5005,13483
704,-30.67262656,4271,12493
705,-33.30579574,4838,17182
706,-31.86487315,4137,12942
707,-51.32119857,3337,8863
708,-40.94205209,3804,13890
709,-54.05073157,3537,11856
710,-37.76168157,4071,11803
711,-40.48176482,5839,10291
712,-42.85075864,4638,11271
713,-39.25563438,4271,9739
714,-42.81403178,3904,16088
715,-39.80810256,3337,10366
716,-39.15885466,3670,11143
717,-34.961264555,4304,11524
718,-30.76367445,4771,14133
719,-36.54060226,4404,7777
720,-38.15937305,3937,11031
721,-39.77814384,3570,8178
722,-41.39691463,3337,8753
723,-37.31650196,4171,13300
724,-33.23608929,4171,13407
725,-29.15567662,3937,10993
726,-25.32503155,5205,21701
727,-35.668576645,3537,8301
728,-46.01212174,3737,13081
729,-49.32463825,3537,11619
730,-39.5024092,5239,11555
731,-39.86011403,6006,13968
732,-40.01804365,3670,12769
733,-57.84401289,3103,8657
734,-19.64881825,4805,15450
735,-43.98959179,4171,13751
736,-40.238480325,4605,12751
737,-36.48736886,4671,10079
738,-32.9950775,3837,12197
739,-39.73066469,5138,10909
740,-47.38555176,3437,8305
741,-55.04043883,3570,9785
742,-55.350781165,4271,12497
743,-55.6611235,3337,9513
744,-47.45837894,3770,13929
745,-39.25563438,3604,9665
746,-35.44744366,4738,12375
747,-31.63925294,4171,11344
748,-43.18848156,4071,11399
749,-35.87278639,3570,9832
750,-46.72945975,3604,8833
751,-34.73150926,4271,11529
752,-41.52234482,4671,5885
753,-40.151555575,4004,9857
754,-38.78076633,3770,14503
755,-37.409977085,3237,7956
756,-36.03918784,4371,9864
757,-40.12494825,3637,12356
758,-33.14186998666667,3303,10302
759,-26.158791723333337,4438,11794
760,-19.17571346,3637,14439
761,-26.08124764,3070,9757
762,-35.79076605,3804,12571
763,-40.21687009,3470,10686
764,-44.64297413,3036,9668
765,-35.08548244,5205,14405
766,-38.7878895,4271,8901
767,-42.49029656,3437,12223
768,-40.59457017,3470,9681
769,-45.0599769,3136,9624
770,-50.22257122,3604,5747
771,-42.35019853,3370,10541
772,-43.60636515666667,4304,7247
773,-44.86253178333333,4371,12017
774,-46.11869841,3570,11521
775,-47.96357279,3303,8015
776,-45.731844595,4671,12987
777,-43.5001164,3837,8898
778,-43.212398975,3737,9886
779,-42.92468155,3437,9586
780,-42.38501176,3537,8333
781,-27.15986334,5205,11765
782,-36.277639,4271,12059
783,-37.94803676,2970,10142
784,-45.54807664,3136,8730
785,-26.36338754,3971,11070
786,-44.96556413,3437,6752
787,-38.33318856,3537,10915
788,-38.088600725000006,3704,10811
789,-37.84401289,4404,10663
790,-37.833684835,4104,12213
791,-37.82335678,4538,13438
792,-26.66641442,3403,15215
793,-16.35395322,4171,17245
794,-32.171528,3504,13171
795,-20.33727452,4338,13446
796,-42.31552427,4338,5253
797,-33.74869741,3103,8667
798,-39.59846757,4872,11731
799,-45.44823773,3537,8093
800,-45.707691503333336,4004,12639
801,-45.96714527666666,5205,10156
802,-46.22659905,3537,7846
803,-43.34414629,3670,9559
804,-40.46169353,4004,9709
805,-37.57924077,5038,11163
806,-40.25230376666666,4938,9817
807,-42.92536676333334,4605,10909
808,-45.59842976,3270,8472
809,-42.07660458,4872,12537
810,-44.54927308,3437,9293
811,-47.02194158,3537,12321
812,-50.93933973,3537,10059
813,-48.72537378,3237,10615
814,-34.565907425,5105,13593
815,-20.40644107,4838,14705
816,-26.07591069,4137,11917
817,-35.40750287,3470,15301
818,-35.74192306,3504,11747
819,-26.04395766,4471,18134
820,-27.59998471,4538,13830
821,-28.3015878,4605,15953
822,-35.61300211,4938,12168
823,-28.53210744,4304,17605
824,-26.37564779,3737,10147
825,-24.21918814,5105,11266
826,-35.503180830000005,4204,8640
827,-46.78717352,4972,8530
828,-42.45570035,3937,15990
829,-42.35019853,3704,10633
830,-41.81173426,3337,10351
831,-41.27326999,4404,14955
832,-43.38193921,5038,11115
833,-42.38501176,4304,11459
834,-41.350134405,4638,14171
835,-40.31525705,3337,6399
836,-35.7408459,4571,13816
837,-31.16643475,4638,13265
838,-30.76806059666667,3237,6263
839,-30.36968644333333,4705,12903
840,-29.97131229,3670,15351
841,-29.572938136666668,4638,18195
842,-29.17456398333333,4805,15361
843,-28.77618983,4605,14251
844,-34.284326103333335,4671,17925
845,-39.79246237666666,3537,11349
846,-45.30059865,3937,10991
847,-32.81936235,3871,12537
848,-41.84408122,4671,12913
849,-37.24474842,4838,14069
850,-35.34523816,4171,12477
851,-45.70002027,5405,15547
852,-34.86256456,4538,18357
853,-35.14590626,4204,22125
854,-35.915040105,3770,12395
855,-36.68417395,4738,15655
856,-34.46116491,4404,13965
857,-31.800821560000003,4705,14283
858,-29.14047821,4605,14361
859,-33.747786595,3704,11727
860,-30.5646141,4571,16107
861,-23.1198783,4538,16985
862,-29.91006507,4504,18687
863,-29.13288897,4304,16705
864,-38.57725261,3737,15669
865,-44.07392148,3704,14906
866,-49.40253912,3470,10321
867,-41.981164165,5572,18593
868,-34.55978921,4638,14705
869,-39.979267275,3937,14837
870,-45.39874534,3670,13887
871,-40.31525705,3637,10961
872,-34.47518572,4938,13111
873,-49.96833191,3837,12391
874,-43.64531671500001,3637,16147
875,-37.32230152,3470,13837
876,-34.41546856,3537,12713
877,-31.5086356,5405,17245
878,-45.01264224,3504,6237
879,-45.330859365,3604,10343
880,-45.64907649,4104,12575
881,-41.1126749,5372,13305
882,-36.57627331,4972,14131
883,-46.06524661,3804,11411
884,-25.13625304,3470,16853
885,-37.92713209,4471,19749
886,-27.08763099,3403,17081
887,-30.53781956,3570,12847
888,-30.67262656,4605,16217
889,-23.34290144,3837,13508
890,-24.27104436,3737,23432
891,-38.8981399,3971,13134
892,-36.6656879025,3637,13567
893,-34.433235905,3437,12625
894,-32.2007839075,4404,15089
895,-29.96833191,4504,19555
896,-35.32974147,3470,18725
897,-43.46054508,3971,15337
898,-35.70951299,3403,10478
899,-45.44823773,3871,10667
900,-43.82334959,3637,9653
901,-39.80705782,5205,18960
902,-35.79076605,5439,11971
903,-45.01264224,4004,9565
904,-46.39100565,3737,10175
905,-37.68012332,3670,12231
906,-36.72044077,3704,11391
907,-45.1554272,3303,10963
908,-39.293658725,4304,13721
909,-33.43189025,4571,16663
910,-35.721472315,4004,14601
911,-38.01105438,3637,14262
912,-57.05384207,4104,9817
913,-47.51141697,3637,11435
914,-36.39936517,4538,18220
915,-26.1347983,4571,14859
916,-48.37079844,3770,12901
917,-51.22414851,3337,10211
918,-42.711565025,3804,14208
919,-34.19898154,4538,13733
920,-44.93005252,5072,12373
921,-55.6611235,4771,13007
922,-25.68470574,4071,17488
923,-29.86043128,3604,17287
924,-34.15185432,4738,15267
925,-38.44327736,3704,12017
926,-38.5923022675,4638,13453
927,-38.741327175,4004,16055
928,-38.8903520825,3537,18203
929,-39.03937699,3670,13531
930,-39.23133817,3570,11323
931,-26.17248118,4671,16461
932,-29.31932149,4037,15109
933,-32.466161799999995,3804,11498
934,-35.61300211,3871,13056
935,-29.78650836,3904,14406
936,-30.535246123333334,4638,14051
937,-31.283983886666665,3437,12121
938,-32.03272165,3570,14005
939,-40.31525705,3504,15907
940,-28.48269551,4137,20122
941,-25.9089052,4605,13182
942,-23.33511489,4037,13976
943,-33.790096219999995,4504,20357
944,-44.24507755,3470,14999
945,-42.56120217,3837,10577
946,-45.01264224,3403,10305
947,-35.4388034,5138,17303
948,-38.50686031,6106,15004
949,-41.57491722,3570,11763
950,-44.64297413,3737,9557
951,-39.9387199,4238,14526
952,-45.59842976,3737,10293
953,-41.41194881,4872,12961
954,-37.22546786,5606,12835
955,-33.90496951,4838,12720
956,-38.7821717,4738,13552
957,-34.79738198,4137,13435
958,-30.81259226,3737,13255
959,-26.82780254,3504,18139
960,-30.89276648,4204,8610
961,-36.32959861,4171,19269
962,-44.28839879,4638,15833
963,-32.35645687,4771,14965
964,-39.485813475,4204,10593
965,-46.61517008,3604,11921
966,-36.1405807,5506,13201
967,-35.216651435,3904,15176
968,-34.292722170000005,4104,15907
969,-33.368792905,4872,16613
970,-32.44486364,5138,17094
971,-36.06458853666667,3737,13567
972,-39.68431343333333,4504,12505
973,-43.30403833,3937,12453
974,-37.68012332,3871,12421
975,-37.506453832,4504,12316
976,-37.332784344,3570,9519
977,-37.159114856,3604,5531
978,-36.985445368,4771,13409
979,-36.81177588,4404,14181
980,-47.96357279,4238,8968
981,-41.09104184,3437,9793
982,-32.56791114,4104,10623
983,-37.34179848,4538,10563
984,-41.58574576,4238,10009
985,-36.66609717,5172,12622
986,-35.10054903,4471,12509
987,-34.25352419,3670,7217
988,-34.84315062666667,4104,19075
989,-35.43277706333333,3770,13988
990,-36.0224035,4171,11605
991,-34.840611975,4771,11489
992,-33.65882045,5038,10353
993,-32.94787146,5172,13571
994,-43.8646128,3570,9576
995,-42.41996508,3504,11337
996,-41.35708944333333,3570,12205
997,-40.29421380666667,3770,19556
998,-30.00180359,4571,14759
999,-36.6918714,4304,12495
1000,-43.38193921,3403,12380
1001,-40.11546493666667,3136,8074
1002,-36.84899066333333,4271,13250
1003,-33.58251639,4371,14577
1004,-33.30833355,3537,11771
1005,-28.261820585,3570,11553
1006,-23.21530762,3337,13555
1007,-34.602402,4504,12005
1008,-49.72132315,3437,10239
1009,-39.565845465,3337,7091
1010,-29.41036778,4705,12737
1011,-35.529990330000004,3337,7577
1012,-41.64961288,3136,7621
1013,-38.11712361333333,3470,9978
1014,-34.58463434666667,3303,7529
1015,-31.05214508,4538,11864
1016,-24.44616903,3670,7298
1017,-19.61325153,4504,21405
1018,-26.79876243,3303,11347
1019,-25.30547974,3804,19175
1020,-32.21468779,4037,9238
1021,-35.53338753,3570,8315
1022,-51.41934526,4104,11199
1023,-48.58180209,3036,7869
1024,-48.18334739,4371,12309
1025,-47.78489269,4304,10646
1026,-47.38643799,3904,13771
1027,-50.22257122,3170,7706
1028,-49.65201297,3170,9737
1029,-49.08145472,3737,9746
1030,-48.51089647,4738,7835
1031,-24.94212042,5072,12374
1032,-43.30403833,3270,5481
1033,-43.53986883,3737,13584
1034,-41.00134167,3704,11126
1035,-40.736227490000005,3470,6741
1036,-40.47111331,4071,17501
1037,-40.20599913,3370,9719
1038,-27.19013834,4538,13950
1039,-33.55128858,3604,10430
1040,-39.91243882,3670,10405
1041,-36.15759518,3570,11988
1042,-31.23380486,4204,10851
1043,-28.96014184,4838,10882
1044,-37.24474842,3437,8929
1045,-36.0224035,3937,13359
1046,-40.68014613,3303,6698
1047,-38.927810433333335,3337,6608
1048,-37.175474736666665,3604,10687
1049,-35.42313904,5138,10391
1050,-49.481145,4137,9352
1051,-58.94496422,4104,12245
1052,-50.39629481,3136,7987
1053,-47.008109245,4304,12811
1054,-43.61992368,5072,11451
1055,-48.391136225,4605,11933
1056,-53.16234877,3837,8905
1057,-16.49621846,4438,27335
1058,-26.11907076,3370,9827
1059,-35.74192306,4338,7925
1060,-32.85422215,3670,11622
1061,-34.02286187,3604,11579
1062,-35.19150159,4338,11400
1063,-32.728557280000004,3604,13740
1064,-30.26561297,3971,20066
1065,-27.80266866,3470,8142
1066,-40.97164629,5405,11319
1067,-26.86277933,4571,12863
1068,-35.04043883,3237,12436
1069,-38.59978411,3971,12447
1070,-49.481145,3337,9418
1071,-58.26779887,3136,8302
1072,-51.170860175,4638,13572
1073,-44.07392148,3537,13286
1074,-40.17578024,3770,13562
1075,-36.277639,4605,13417
1076,-43.947732,3237,7839
1077,-37.509410615,3971,13503
1078,-31.07108923,3303,12049
1079,-29.481145,4605,10359
1080,-41.3348723,4738,10899
1081,-20.78396278,4471,17057
1082,-34.34074143,4037,10440
1083,-47.89752008,3370,11567
1084,-38.756974825,3770,10697
1085,-29.61642957,4471,14352
1086,-29.84278299,3604,10817
1087,-30.06913641,4171,12092
1088,-44.03165429,3170,8157
1089,-38.07453254,4071,11228
1090,-38.64375941,3504,4925
1091,-39.21298628,4938,5727
1092,-39.78221315,4504,9323
1093,-46.22659905,3837,9645
1094,-41.94297287,3303,8374
1095,-33.67160321,4104,16818
1096,-36.0224035,3270,7246
1097,-38.11711051,4238,5887
1098,-37.87837005,4638,10832
1099,-37.63962959,4471,9881
1100,-37.16788164,4404,5743
1101,-40.37040574,3370,5517
1102,-46.50236474,3804,8073
1103,-31.55864086,4037,9191
1104,-32.60234866,4638,13287
1105,-33.64605646,4304,10589
1106,-35.40750287,4238,12646
1107,-33.22287786,4838,14573
1108,-44.73392668,4137,14477
1109,-63.8646128,3270,10227
1110,-46.78717352,5405,9087
1111,-56.15759518,3504,10889
1112,-45.077519455,4071,13228
1113,-33.99744373,4471,10066
1114,-32.77303024,5072,14600
1115,-31.54861675,4905,10159
1116,-38.942236855,3637,6855
1117,-46.33585696,4304,11665
1118,-36.1066514,4271,13885
1119,-33.91811999,4404,11345
1120,-32.865599385,4705,12991
1121,-31.81307878,4538,13349
1122,-31.4468278,4605,10444
1123,-31.08057682,4371,13397
1124,-39.06314141,3971,12713
1125,-45.90683694,3604,11960
1126,-43.15030176,4238,8577
1127,-40.59457017,4905,18925
1128,-53.65882045,3637,12489
1129,-39.35350459,4304,15619
1130,-37.65985286,4872,13823
1131,-45.54807664,3670,10043
1132,-41.81136597,3871,11409
1133,-35.01053901,3871,16009
1134,-33.81748116,4705,14551
1135,-32.62442331,4304,14685
1136,-38.7591627,4705,10749
1137,-42.03337583,3871,18483
1138,-45.30758896,3770,14409
1139,-48.58180209,3804,9975
1140,-39.91243882,5105,11907
1141,-48.98288019,5372,11643
1142,-58.05332156,3604,11133
1143,-40.2604563,3403,5925
1144,-51.41934526,3737,13263
1145,-19.89932804,4338,15627
1146,-44.59785252,3604,11241
1147,-49.24742983,3670,10382
1148,-51.51861365,4204,11813
1149,-46.7697014,5339,14099
1150,-42.02078915,4538,17053
1151,-37.2718769,4104,13561
1152,-32.52296465,4605,19463
1153,-30.030559566666664,3871,13345
1154,-27.538154483333333,3837,19732
1155,-25.0457494,4671,21021
1156,-32.993900745,4271,15667
1157,-40.94205209,4304,8463
1158,-43.34290144,3737,15557
1159,-45.0599769,3871,14641
1160,-43.947732,4571,11281
1161,-44.5529641,4771,12169
1162,-50.3089987,3604,16843
1163,-38.42114769,3770,14951
1164,-20.73189935,4571,30153
1165,-27.94370418,4037,17465
1166,-31.399627,3303,16949
1167,-27.969584845,3504,11889
1168,-24.53954269,4037,16337
1169,-27.68304277,4605,21303
1170,-33.87872813,4738,11423
1171,-29.53808367,3604,5109
1172,-25.19743921,4071,23135
1173,-20.85679475,4238,23397
1174,-34.21258512,3637,14679
1175,-39.86011403,4838,9997
1176,-45.261844035,3971,13446
1177,-50.66357404,4071,9867
1178,-44.86625158666666,3770,10845
1179,-39.06892913333333,4605,12573
1180,-33.27160668,4571,14531
1181,-36.83015873,3570,9572
1182,-46.28105621,3637,8983
1183,-48.03013165,3704,13465
1184,-35.14590626,3770,13911
1185,-39.70500474,5305,12929
1186,-37.3613393,3570,11907
1187,-50.75452659,3470,6271
1188,-51.82341298,3937,13797
1189,-48.787338795,3804,16537
1190,-45.75126461,3504,6673
1191,-29.36350135,4104,11810
1192,-36.70228843,3770,16371
1193,-38.66773144,4137,13767
1194,-24.3275735,4404,21615
1195,-30.59149155,3504,16729
1196,-33.86962997333333,3537,10753
1197,-37.14776839666667,5138,23796
1198,-40.42590682,3837,17998
1199,-47.20227795,4037,12397
1200,-39.49736258,4404,13653
1201,-31.79244721,4238,16221
1202,-36.08973632,3537,16719
1203,-41.738087155,3737,9967
1204,-47.38643799,3303,7817
1205,-45.620106272,3604,18990
1206,-43.853774554,5372,25405
1207,-42.087442836,3437,11193
1208,-40.321111118,3370,12404
1209,-38.5547794,3704,12691
1210,-38.62237421,3537,14453
1211,-31.41934526,4004,12949
1212,-39.9387199,3837,10741
1213,-42.85075864,3704,10673
1214,-42.688217825,3704,9946
1215,-42.52567701,4004,12427
1216,-33.72292324,4371,13026
1217,-31.84411833,4771,10772
1218,-43.15264162,4304,10457
1219,-54.46116491,3337,11765
1220,-54.602402,3270,5364
1221,-54.05073157,3637,6488
1222,-44.721313185,5539,10427
1223,-35.3918948,4638,11969
1224,-43.5001164,3971,17288
1225,-35.92504684,4104,15330
1226,-28.34997728,3570,12614
1227,-33.53201688,4271,8213
1228,-42.63269138,3437,9439
1229,-39.97020254666666,3570,10997
1230,-37.307713713333335,3270,7384
1231,-34.64522488,4204,14296
1232,-36.834183753333335,4638,14077
1233,-39.02314262666667,3136,9061
1234,-41.2121015,4404,15736
1235,-39.6031163,3170,9920
1236,-34.92145218,3737,10992
1237,-48.58180209,3136,8518
1238,-42.11033623,3537,10301
1239,-37.0193278775,3904,10093
1240,-31.928319525,3470,6975
1241,-26.8373111725,4304,11081
1242,-21.74630282,3971,11305
1243,-29.34016263,3237,8434
1244,-29.176258465,3570,13128
1245,-29.0123543,3203,9748
1246,-44.03165429,3971,11543
1247,-37.43994517,3303,10605
1248,-39.45249016,4137,9991
1249,-45.535759915,3804,8352
1250,-51.61902967,4004,8645
1251,-39.30443164,4438,5517
1252,-34.92145218,4037,11914
1253,-33.270240925,3303,8133
1254,-31.61902967,4805,17733
1255,-37.43994517,4805,13199
1256,-44.00675459,4771,16711
1257,-50.57356401,3170,9113
1258,-35.26802974,3704,11481
1259,-42.14419939,3937,15519
1260,-38.427986016666665,4204,13080
1261,-34.71177264333333,4538,9620
1262,-30.99555927,4304,11903
1263,-30.630618365,5272,25390
1264,-30.26567746,3804,12065
1265,-34.84790483,4004,10272
1266,-36.546904152,4605,12721
1267,-38.245903474,4338,8912
1268,-39.944902796,4037,14259
1269,-41.643902118,3770,11385
1270,-43.34290144,4104,11467
1271,-46.45168509,4938,12820
1272,-49.56046874,4104,16701
1273,-50.22257122,3337,9692
1274,-54.35513889,3604,11566
1275,-58.48770656,3270,7987
1276,-42.04300342,6173,12523
1277,-31.95888851,4304,9749
1278,-27.05173883,4137,11594
1279,-42.88764145,3470,9327
1280,-30.84644163,4104,12932
1281,-26.62084899,5305,23251
1282,-28.074750625,4271,9855
1283,-29.52865226,4738,16917
1284,-35.13076085,3937,12711
1285,-33.43189025,3804,10790
1286,-36.8593549025,4304,7683
1287,-40.286819555,3937,11384
1288,-47.14174886,5138,12503
1289,-37.63962959,3737,10670
1290,-37.267360233333335,3270,12449
1291,-36.89509087666666,4538,14294
1292,-36.52282152,3370,11526
1293,-45.10757094,4671,12391
1294,-39.52747672,4471,12275
1295,-38.7986304075,3670,18623
1296,-38.069784095,3937,17105
1297,-37.340937782500006,5005,22201
1298,-36.61209147,4304,11698
1299,-33.12623275,4571,14959
1300,-27.42374322,4771,17328
1301,-25.94879784,3770,17585
1302,-27.97684382,4872,22055
1303,-26.40761877,3837,17881
1304,-34.14477924,4304,14867
1305,-40.85386971,4204,14381
1306,-35.56514585,3704,17502
1307,-26.36890414,4304,18741
1308,-36.69542286,3704,15130
1309,-47.02194158,3370,10667
1310,-40.96431719,4204,17843
1311,-34.9066928,5205,13141
1312,-28.39166963,5372,18941
1313,-34.33974154,3303,17112
1314,-40.28781345,3904,12819
1315,-36.97863909,4404,14566
1316,-37.666867035,4738,12496
1317,-38.35509498,5772,14285
1318,-39.83406936,4771,12769
1319,-29.30140357,4404,10991
1320,-32.111427875000004,4638,20565
1321,-34.92145218,3770,9397
1322,-31.0238061,3804,12841
1323,-31.000292535,3670,7539
1324,-30.97677897,5005,12601
1325,-50.39629481,4972,9349
1326,-30.27432444,4471,11021
1327,-36.97863909,4371,16473
1328,-22.36410708,4338,19183
1329,-25.629385502,4571,20077
1330,-28.894663924,3470,11289
1331,-32.159942345999994,3537,7065
1332,-35.425220768,3470,9740
1333,-38.69049919,4071,16089
1334,-25.67960689,4438,14540
1335,-39.52747672,4972,15213
1336,-31.84411833,4471,15723
1337,-45.85466928,3537,8507
1338,-39.763422766666665,4471,11861
1339,-33.67217625333333,3904,10827
1340,-27.58092974,3504,20586
1341,-25.96985455,3871,15563
1342,-31.84411833,4404,12075
1343,-36.68417395,3670,18461
1344,-37.72080672,3203,15589
1345,-23.84808399,5138,22499
1346,-27.54926404,3937,21069
1347,-20.58889497,4471,15905
1348,-35.08548244,3470,13845
1349,-32.5904719,4137,20759
1350,-27.65849384,3237,8185
1351,-22.72651578,4805,23947
1352,-26.9508425,4271,17687
1353,-40.20599913,3637,10289
1354,-38.05332156,3537,17980
1355,-43.887322355,3737,14897
1356,-49.72132315,3504,8789
1357,-44.25851699333334,4504,16489
1358,-38.795710836666665,3470,10447
1359,-33.33290468,3804,13609
1360,-25.83961523,4938,10659
1361,-18.34632578,4238,15803
1362,-21.51505537,3637,7697
1363,-24.68378496,3604,15173
1364,-51.72062018,3804,10954
1365,-37.86471824,5372,17627
1366,-33.43189025,4271,15849
1367,-38.21022774333333,5105,21211
1368,-42.988565236666666,3737,13259
1369,-47.76690273,3504,9822
1370,-44.22352443,4738,15485
1371,-40.68014613,4972,15837
1372,-51.82341298,3403,9953
1373,-33.07831048,4104,19927
1374,-58.05332156,3570,6395
1375,-38.82837334,4171,14279
1376,-43.09192545,5339,9223
1377,-47.35547756,3437,7403
1378,-51.61902967,3470,7799
1379,-32.65850794,5639,14577
1380,-33.9037883525,3570,11307
1381,-35.149068765,3637,10721
1382,-37.63962959,3403,13831
1383,-35.45449607,3971,16842
1384,-40.07133148,3537,7439
1385,-51.12817085,3770,14811
1386,-34.63092711,5172,15275
1387,-35.16107812,5105,13867
1388,-43.57980402,3670,11891
1389,-44.021840645,3770,11669
1390,-44.46387727,3971,12643
1391,-42.28098788,3604,11989
1392,-37.16788164,5239,13015
1393,-26.37442425,4438,16367
1394,-36.52282152,3337,9495
1395,-37.10797604666666,3570,14609
1396,-37.40055331,3904,18651
1397,-39.67942036,3370,15510
1398,-35.893304075,3403,16806
1399,-32.10718779,4137,18709
1400,-26.63221796,3504,15918
1401,-38.87482206,4838,16697
1402,-34.2171373625,4204,22665
1403,-29.559452665,3737,8236
1404,-24.9017679675,3670,11449
1405,-20.24408327,3637,19363
1406,-24.31787645,4471,13795
1407,-36.969873135,5339,11874
1408,-45.54807664,4037,10389
1409,-41.49081706,3937,11093
1410,-37.32230152,4905,12855
1411,-31.465283473333336,4671,16995
1412,-25.60826542666667,3504,11205
1413,-19.75124738,4738,20439
1414,-23.90212416,4705,14883
1415,-28.05300094,3737,12157
1416,-32.20387772,4671,11679
1417,-42.85075864,6340,15784
1418,-49.419845235,3704,12609
1419,-55.98893183,3570,11147
1420,-58.05332156,4271,15995
1421,-47.226343365000005,3670,14834
1422,-36.39936517,4671,15291
1423,-31.59885338,4671,19515
1424,-23.79047958,4638,16385
1425,-25.0551856375,3604,13077
1426,-26.319891695,3704,10799
1427,-27.5845977525,4504,16977
1428,-28.84930381,4538,15747
1429,-34.25352419,4838,17507
1430,-35.61300211,4404,15419
1431,-32.90092059,3770,14847
1432,-33.54461426,3704,15177
1433,-38.07453254,4371,16623
1434,-37.70923472333333,4738,18775
1435,-37.34393690666667,4638,16724
1436,-36.97863909,4872,17686
1437,-35.989337750000004,3971,14844
1438,-35.00003641,3804,12998
1439,-34.01073507,3971,17052
1440,-36.277639,4605,24757
1441,-36.83015873,4371,12913
1442,-37.98249301,5339,16221
1443,-39.13482729,3637,13236
1444,-45.39874534,3437,10543
1445,-45.25193808,4705,9639
1446,-41.64961288,4338,11655
1447,-42.88764145,5205,11469
1448,-45.0449597,4404,11745
1449,-47.20227795,3437,9983
1450,-40.39811195,4771,18089
1451,-36.997677896666666,4137,16971
1452,-30.19680979,5072,17024
1453,-25.83907988,5172,19969
1454,-37.12970185,4304,13017
1455,-30.65453095,3737,11129
1456,-40.01804365,3470,8598
1457,-38.2358383425,4771,12517
1458,-36.453633035,4137,9011
1459,-34.6714277275,4404,19083
1460,-32.88922242,4037,11111
1461,-35.668812640000006,3770,14199
1462,-38.44840286,3570,10019
1463,-41.227993080000005,3504,12637
1464,-44.00758330000001,4872,11108
1465,-46.78717352,4938,7011
1466,-51.72062018,3537,9512
1467,-43.87151184,3170,8756
1468,-36.0224035,4538,12359
1469,-31.19524369,4504,12719
1470,-29.76200654,3237,8437
1471,-38.66773144,3237,7677
1472,-25.00792293,4638,14824
1473,-29.94331253,4638,13171
1474,-46.50236474,3604,8176
1475,-39.09619141,5272,10563
1476,-31.69001808,4671,8853
1477,-37.94803676,3971,14264
1478,-30.22257122,3637,14719
1479,-33.36382416,4271,10531
1480,-36.5050771,4371,12703
1481,-38.59978411,3537,12198
1482,-40.28798633,3070,12374
1483,-41.97618855,4271,10903
1484,-44.77976262,3370,9707
1485,-43.652719815,4004,10458
1486,-42.52567701,3203,11076
1487,-34.95104638,4004,11863
1488,-40.94205209,3136,9531
1489,-38.22447764,4137,11356
1490,-40.11700469,4471,14649
1491,-42.00953174,3670,11369
1492,-43.42115323,3437,10751
1493,-36.43445972,3370,10910
1494,-33.896301253333334,3504,9064
1495,-31.358142786666665,3971,10595
1496,-28.81998432,4738,13525
1497,-29.71320928,5405,11219
1498,-42.999239,3504,12231
1499,-41.94297287,3770,11069
1500,-43.30403833,4571,11855
1501,-33.30833355,4872,10978
1502,-37.592626855,4638,14335
1503,-41.87692016,3804,11424
1504,-43.652039423333335,3070,8167
1505,-45.427158686666665,5706,9855
1506,-47.20227795,4071,12023
1507,-40.224743025,3303,6926
1508,-33.2472081,4404,13067
1509,-33.19861559,3570,10827
1510,-40.28781345,3437,9131
1511,-53.0425415,3437,8453
1512,-49.64052359,3270,9176
1513,-31.09958315,3570,14247
1514,-32.40054778,3637,11239
1515,-32.69272685,4605,14510
1516,-37.22546786,3504,12845
1517,-41.025654785,3537,14389
1518,-44.82584171,3270,4935
1519,-25.98040208,5005,12838
1520,-25.73585954,4872,18086
1521,-38.69049919,3437,8211
1522,-32.55665269,3537,6090
1523,-39.231744815,3837,17949
1524,-45.90683694,4137,16475
1525,-44.54765925,2936,11068
1526,-43.18848156,4371,13109
1527,-45.533178113333335,4972,11617
1528,-47.87787466666666,3070,9592
1529,-50.22257122,3537,11773
1530,-50.84644163,3871,17519
1531,-50.3089987,4504,7819
1532,-45.75126461,4438,10375
1533,-48.72537378,3203,8669
1534,-21.46881552,3704,10851
1535,-21.15136076,4404,18456
1536,-29.41820349,4805,15357
1537,-37.07274499,3337,9755
1538,-34.67084293,3270,6157
1539,-32.26894087,5072,13757
1540,-28.04350485,3303,9106
1541,-35.93342722,3737,17683
1542,-43.82334959,3337,11217
1543,-36.39936517,4938,12405
1544,-43.38193921,3570,13951
1545,-40.94597294,4271,19781
1546,-38.51000667,4538,11639
1547,-39.1108662,4404,11084
1548,-38.11711051,3871,11179
1549,-49.88521272,3504,12453
1550,-29.11773034,4504,10736
1551,-36.00565154,4271,11775
1552,-31.80275687,4605,13736
1553,-34.29465713,4171,11440
1554,-44.07392148,3237,8887
1555,-48.03013165,3604,10452
1556,-40.626504755,3704,8979
1557,-33.22287786,4738,11827
1558,-39.62847658,5239,9427
1559,-40.2604563,3670,11167
1560,-44.28839879,3971,14505
1561,-35.75817356,3604,10956
1562,-33.13825475,3937,20360
1563,-34.613995535,5272,10923
1564,-36.08973632,4371,13072
1565,-35.74081556,4605,13845
1566,-35.3918948,5038,8970
1567,-35.723949735000005,3470,10432
1568,-36.05600467,4605,13669
1569,-33.50687681,3370,13209
1570,-36.22598836,4338,12829
1571,-36.61168362,4671,12469
1572,-36.99737888,4605,9938
1573,-42.96188028,4338,11381
1574,-33.91811999,4037,10289
1575,-35.79076605,4471,18310
1576,-27.74101332,3570,17702
1577,-33.97092191,3904,16404
1578,-43.74140663,4438,17513
1579,-30.48447719,4438,14291
1580,-36.1405807,4671,15081
1581,-38.62032180666667,5606,13427
1582,-41.10006291333333,4137,15563
1583,-43.57980402,3704,8987
1584,-37.7412201,4037,16949
1585,-41.06103874,3871,16315
1586,-32.80777343,4872,14769
1587,-34.603569300000004,5005,14855
1588,-45.59842976,3637,10398
1589,-45.1554272,3570,10973
1590,-41.61762062,3737,11283
1591,-46.55858428,3837,9467
1592,-38.77877175,6073,15057
1593,-30.99895922,4238,19605
1594,-23.21914669,4605,14104
1595,-22.85518156333333,3704,12069
1596,-22.491216436666665,3537,12883
1597,-22.12725131,4037,11353
1598,-25.35935349,4504,19480
1599,-31.685203935,4738,14235
1600,-38.01105438,4171,14869
1601,-44.5529641,3737,11673
1602,-32.68130556,5239,16461
1603,-35.31427239,5305,16433
1604,-32.112696485,3670,13315
1605,-28.91112058,3837,12629
1606,-25.709544675,4872,14655
1607,-22.50796877,3737,13963
1608,-23.52301212333333,3804,16773
1609,-24.538055476666667,4004,14483
1610,-25.55309883,3737,16138
1611,-32.5791842,5239,13649
1612,-42.24658828,3737,18133
1613,-41.281316006,4404,16096
1614,-40.316043732,3770,11379
1615,-39.350771458,4638,15013
1616,-38.385499184,5138,12737
1617,-37.42022691,4304,17389
1618,-49.72132315,4204,14876
1619,-45.25193808,3604,14033
1620,-46.881417275,3670,15531
1621,-48.51089647,3403,10721
1622,-48.28458627333333,4338,20523
1623,-48.058276076666665,4504,17533
1624,-47.83196588,3570,10983
1625,-43.35339397,3804,14533
1626,-38.87482206,3637,14535
1627,-37.86170131,3904,16745
1628,-36.84858056,3670,15857
1629,-33.85256579,4371,16035
1630,-29.82252233,4638,15979
1631,-25.79247887,4204,17755
1632,-30.91136582,3670,17515
1633,-44.11639535,3237,7709
1634,-37.24474842,3704,10844
1635,-41.39691463,3537,7628
1636,-40.48737224,3203,8049
1637,-39.57782985,3570,12573
1638,-32.97612705,3737,12161
1639,-26.37442425,4838,14473
1640,-49.88521272,3804,8708
1641,-41.58963914333333,3470,5395
1642,-33.29406556666667,3604,14405
1643,-24.99849199,4104,10431
1644,-31.568485010000003,3403,6113
1645,-38.13847803,3737,9901
1646,-47.38643799,3704,8653
1647,-38.830381215,3604,9792
1648,-30.27432444,4638,13305
1649,-41.2121015,4938,12179
1650,-46.839604075,3971,14526
1651,-52.46710665,3504,7997
1652,-47.75580062,4104,13169
1653,-43.04449459,3871,15125
1654,-38.33318856,4972,13562
1655,-35.57287711,4605,13846
1656,-32.812565660000004,3637,10809
1657,-30.05225421,3537,16721
1658,-31.58924348,3604,7059
1659,-33.12623275,4872,12177
1660,-34.70265246,3737,13565
1661,-18.35728866,3871,17584
1662,-36.1405807,3437,10997
1663,-33.03065116,4037,14745
1664,-40.70885984,3537,11971
1665,-36.61209147,3904,18071
1666,-34.68825993,3737,17182
1667,-47.32461645,3570,15085
1668,-44.963203522,4338,16513
1669,-42.601790594,4738,23898
1670,-40.240377666,3270,7759
1671,-37.878964738,3704,22050
1672,-35.51755181,3737,15277
1673,-31.3505263,5205,21214
1674,-37.01615919,4571,12143
1675,-47.20227795,3804,16861
1676,-40.72790107,4371,20731
1677,-34.25352419,4104,12701
1678,-33.2472081,3804,17187
1679,-32.84258666,3570,12255
1680,-24.56640628,3370,15953
1681,-34.78952426,3837,10763
1682,-45.01264224,3504,9567
1683,-38.28564155,4438,17957
1684,-31.55864086,4238,17077
1685,-39.06314141,5105,15507
1686,-52.35645687,3570,12128
1687,-56.147588385000006,3437,6101
1688,-59.9387199,3470,10279
1689,-41.2121015,5372,11897
1690,-41.28966233,3837,18233
1691,-41.36722316,4104,12647
1692,-41.444783990000005,4805,10291
1693,-41.52234482,5239,9225
1694,-46.17248118,3770,9595
1695,-22.95815323,3770,11035
1696,-45.0599769,3770,10370
1697,-38.33318856,4805,12402
1698,-39.23133817,4538,14317
1699,-29.27823089,4371,14711
1700,-33.83951412,4671,13533
1701,-35.13076085,4004,15369
1702,-30.105610823333333,3770,8824
1703,-25.080460796666664,3504,18313
1704,-20.05531077,4838,24768
1705,-22.91357903,4137,14667
1706,-25.77184729,4071,16205
1707,-26.23202942,4638,19303
1708,-42.41996508,3504,8161
1709,-51.61902967,3737,14051
1710,-47.38643799,5405,10229
1711,-44.77976262,3637,8897
1712,-37.51926891,3804,12829
1713,-39.13482729,4438,11339
1714,-36.51730096666667,4504,11957
1715,-33.89977464333333,3670,14511
1716,-31.28224832,3604,14445
1717,-30.70111455,4071,14873
1718,-30.11998078,4872,23172
1719,-27.56191647,4638,22169
1720,-29.87694438,4004,14861
1721,-18.18352164,3737,23491
1722,-40.85386971,4137,11831
1723,-32.10718779,4171,10363
1724,-32.38077662333333,3604,11996
1725,-33.49871473666667,4104,11307
1726,-34.61665285,4905,14325
1727,-36.65357602,4171,6183
1728,-38.69049919,4504,10678
1729,-34.22621005,4371,15457
1730,-39.62847658,3537,12191
1731,-37.30284824,3470,10290
1732,-41.55398744,3737,7581
1733,-36.73863112,4371,10650
1734,-36.61209147,4438,6463
1735,-40.48176482,4504,6153
1736,-43.53986883,3637,11851
1737,-42.75380523333334,3837,7268
1738,-41.967741636666666,3904,14371
1739,-41.18167804,3504,9778
1740,-38.044185420000005,4605,9913
1741,-34.9066928,3804,9669
1742,-31.52860317,4938,13740
1743,-35.99198205,4004,12507
1744,-40.45536093,3103,6515
1745,-44.91873981,4671,9975
1746,-30.79117597,3904,7905
1747,-44.15907794,4104,9077
1748,-49.96833191,3537,12939
1749,-43.75262079666667,3937,11339
1750,-37.53690968333333,6039,7617
1751,-31.32119857,4671,14075
1752,-32.06455757,4571,10917
1753,-40.42590682,3770,8815
1754,-39.501579715000005,4171,11439
1755,-38.57725261,4037,12501
1756,-32.44486364,4304,7977
1757,-32.356902255,4438,12140
1758,-32.26894087,4571,13601
1759,-36.75685964,3604,10865
1760,-42.777459555,4071,15773
1761,-48.79805947,3270,7139
1762,-48.01420855666667,4905,12292
1763,-47.230357643333335,5472,21832
1764,-46.44650673,5973,9553
1765,-58.94496422,3403,9941
1766,-52.03272165,3403,12835
1767,-47.03533156,3537,11772
1768,-42.03794147,4571,7261
1769,-37.04055138,4371,24000
1770,-32.04316129,3337,6427
1771,-27.0457712,3737,12182
1772,-29.096526465,5005,22123
1773,-31.14728173,4204,11632
1774,-34.92145218,3237,10183
1775,-47.430086040000006,5506,11077
1776,-59.9387199,4504,14981
1777,-56.5050771,3737,12604
1778,-38.11711051,4771,11249
1779,-35.36076254,4671,10256
1780,-54.05073157,3670,9479
1781,-48.65329129,3103,9434
1782,-50.66357404,4238,13564
1783,-48.79805947,3203,8165
1784,-49.40253912,4972,11064
1785,-31.41934526,4137,12256
1786,-32.2115525675,3370,9659
1787,-33.003759875,3537,12329
1788,-33.7959671825,3437,8631
1789,-34.58817449,3737,13493
1790,-39.70500474,3270,8685
1791,-36.41689472,3637,9307
1792,-29.78650836,4938,11221
1793,-31.0238061,3370,11445
1794,-30.35253708,3770,12195
1795,-25.691838,4304,11331
1796,-21.03113892,4238,19007
1797,-42.28098788,5038,11232
1798,-27.89094235,4571,11412
1799,-24.18355259,4705,13156
1800,-20.47616283,3971,13142
1801,-36.77512651,3237,12366
1802,-42.97301409,3170,8915
1803,-49.17090167,3570,8523
1804,-38.6172525,5038,18226
1805,-28.06360333,4471,10791
1806,-40.48176482,4538,8276
1807,-27.09362746,4004,13265
1808,-37.873459375,3670,7815
1809,-48.65329129,3370,6914
1810,-46.78111389333333,3670,12582
1811,-44.90893649666666,3303,10709
1812,-36.251062955,3504,11428
1813,-29.46536681,4738,14675
1814,-32.56791114,3270,9219
1815,-56.15759518,3070,7265
1816,-50.3089987,3403,9597
1817,-23.1541122,3403,10179
1818,-36.34698779,4805,10506
1819,-35.341486790000005,3470,11807
1820,-34.33598579,3437,8425
1821,-33.583476265,4004,18480
1822,-32.83096674,3504,7268
1823,-26.28652076,4538,12955
1824,-40.91255838,3704,12836
1825,-42.3108959,3537,7529
1826,-43.70923342,4805,11088
1827,-45.10757094,3470,11443
1828,-46.1425356625,3837,13889
1829,-47.177500385,3470,9857
1830,-48.2124651075,3203,10121
1831,-49.24742983,4905,10227
1832,-50.333387545,4338,12919
1833,-51.41934526,3303,9707
1834,-46.90376439,3804,13706
1835,-45.63972964,3003,8203
1836,-44.37569489,4571,12940
1837,-50.75452659,4938,7429
1838,-48.87135855,4271,18688
1839,-25.20837543,3637,12783
1840,-26.350864925,3437,14035
1841,-27.49335442,3437,5885
1842,-28.635843915,5005,12080
1843,-29.77833341,4538,13562
1844,-32.12858161,3370,8177
1845,-22.01287311,4238,19039
1846,-25.09803125,3837,12873
1847,-45.80281306,3871,6825
1848,-39.37814543,5339,11407
1849,-43.78228148,3570,10807
1850,-40.14367929,3737,12125
1851,-36.5050771,4504,11752
1852,-36.5050771,4571,11907
1853,-42.35019853,4738,17759
1854,-42.45505963,3203,10235
1855,-31.38978463,4137,16179
1856,-30.93933973,4204,14677
1857,-29.916404585,4238,14157
1858,-28.89346944,4605,12948
1859,-43.38193921,3403,12380
1860,-44.28839879,3604,16700
1861,-41.895403995,3604,9571
1862,-39.5024092,5205,9457
1863,-34.34980582,4972,13901
1864,-37.28343842,3570,12067
1865,-35.795924965,3537,10778
1866,-34.30841151,4204,12238
1867,-33.99000736,3837,15008
1868,-33.67160321,4805,8468
1869,-34.15126516,4671,10763
1870,-34.63092711,4438,16669
1871,-38.42162574,5138,8185
1872,-42.21232437,4104,19556
1873,-35.31427239,3704,8317
1874,-30.93000508,4037,17037
1875,-44.37569489,4171,10428
1876,-36.1066514,4471,9619
1877,-46.84527333,4238,10667
1878,-38.39907426,4137,11056
1879,-34.36364788,3604,10676
1880,-31.01438028,4605,16343
1881,-45.2035486,4671,16499
1882,-28.68925776,4137,9844
1883,-27.75394838,3470,18262
1884,-38.42114769,4137,15931
1885,-37.1223145,3737,9659
1886,-35.82348131,5172,15235
1887,-33.9841727,5105,11977
1888,-44.68833135,3804,12767
1889,-45.915040105,4137,12523
1890,-47.14174886,3770,10153
1891,-42.28098788,4271,15744
1892,-36.59416393,5706,12125
1893,-36.63013055,4571,11377
1894,-36.66609717,6006,16121
1895,-39.047099975,3770,9489
1896,-41.42810278,3470,10574
1897,-46.17248118,3504,10103
1898,-39.03239813333333,3871,11771
1899,-31.892315086666663,5205,16593
1900,-24.75223204,4471,18313
1901,-23.84808399,4338,11863
1902,-24.06074381333333,3437,15248
1903,-24.273403636666668,3737,16035
1904,-24.48606346,4471,13029
1905,-28.46160471,4204,19898
1906,-34.78951208,5172,17517
1907,-42.28098788,3837,13023
1908,-38.11711051,4204,16426
1909,-39.851428135000006,4771,17397
1910,-41.58574576,3704,12303
1911,-38.888608510000005,3704,10837
1912,-36.19147126,5372,13991
1913,-33.49433401,4638,12435
1914,-45.10757094,3971,14637
1915,-33.51699174,3504,18661
1916,-21.92641254,4004,16689
1917,-30.83720623,3604,18764
1918,-32.953824080000004,3804,16437
1919,-35.07044193,4605,15059
1920,-38.77112168,5138,17417
1921,-42.47180143,4338,13651
1922,-46.17248118,3737,17473
1923,-31.47877005,4471,15421
1924,-27.55558795,4638,16223
1925,-49.64052359,3604,12235
1926,-46.72945975,3871,11151
1927,-47.96357279,3537,9905
1928,-56.86704154,4037,9117
1929,-51.0490779725,4338,15111
1930,-45.231114405,4838,14883
1931,-39.4131508375,3737,13555
1932,-33.59518727,3971,11823
1933,-39.65391112,3504,9923
1934,-38.6158695675,3670,10775
1935,-37.577828015,4438,14139
1936,-36.5397864625,3203,12185
1937,-35.50174491,3537,15673
1938,-32.648217965,3570,13797
1939,-29.79469102,3871,14449
1940,-29.30140357,4671,16227
1941,-35.45449607,3804,11488
1942,-43.74140663,3704,11119
1943,-27.3369456,4838,15925
1944,-38.24611125,3871,14795
1945,-39.85555482666667,3537,12575
1946,-41.46499840333333,3237,7785
1947,-43.07444198,3670,14425
1948,-45.90683694,3637,6207
1949,-42.242044775,4471,13625
1950,-38.57725261,3537,11987
1951,-43.13390139333333,3470,5649
1952,-47.69055017666667,3303,9917
1953,-52.24719896,3871,12147
1954,-37.40055331,3670,11656
1955,-40.01804365,4905,13287
1956,-32.66989927,4571,15296
1957,-38.13847803,3537,9386
1958,-37.99365955,3604,10194
1959,-37.848841070000006,3971,11028
1960,-37.70402259,4538,12240
1961,-37.55920411,4938,12225
1962,-26.29746016,3904,13337
1963,-46.90376439,4104,11517
1964,-20.97757725,4171,24320
1965,-32.26894087,3704,15191
1966,-33.1502934,4471,9653
1967,-48.65329129,3604,5235
1968,-29.34793524,4137,22214
1969,-30.101811045,3604,14193
1970,-30.85568685,4137,15015
1971,-38.8052418,3604,14237
1972,-35.70951299,3504,12233
1973,-50.48447719,3570,16541
1974,-38.05332156,3570,22286
1975,-46.61517008,3370,8431
1976,-27.12969349,5105,25668
1977,-32.04332066,4271,20883
1978,-46.962652,3804,10879
1979,-37.96899188,3837,20267
1980,-46.17248118,3804,15598
1981,-39.75269293,4671,15135
1982,-33.33290468,5072,24228
1983,-36.52282152,3804,17354
1984,-36.41753285,3470,17035
1985,-36.31224418,3537,9319
1986,-36.444258745,4071,13901
1987,-36.57627331,3737,15277
1988,-21.37825536,4171,18418
1989,-52.5791842,3871,10705
1990,-42.073930375,5405,12518
1991,-31.56867655,4304,15855
1992,-38.290659395,4438,15711
1993,-45.01264224,3904,11081
1994,-47.76690273,3904,11082
1995,-44.87216657,3871,11455
1996,-42.81403178,5639,10389
1997,-63.46054508,3504,7819
1998,-53.41799828,3370,8227
1999,-43.37545148,3837,13623
2000,-33.33290468,3971,14937
2001,-36.14914164,4972,11847
2002,-38.9653786,4705,10973
2003,-41.781615560000006,4738,22393
2004,-44.59785252,3737,12713
2005,-30.58252316,3871,15748
2006,-35.05542742,4705,14610
2007,-31.76159144,4771,18091
2008,-36.73863112,4571,15787
2009,-39.90653655,4805,15551
2010,-43.07444198,3704,8785
2011,-38.7362145,3437,9701
2012,-34.0566717875,4605,24210
2013,-29.377129075,4004,17403
2014,-24.6975863625,3937,17045
2015,-30.60945617,3337,20319
2016,-45.2035486,3737,15598
2017,-46.61517008,4805,11789
2018,-47.855105985,3537,16467
2019,-49.09504189,3670,12401
2020,-44.934058416666666,4671,9779
2021,-40.77307494333333,4404,9443
2022,-36.61209147,3937,21453
2023,-36.387569664285714,3504,17735
2024,-36.16304785857143,4004,13167
2025,-35.93852605285714,4638,22896
2026,-35.71400424714286,4838,18452
2027,-35.48948244142857,4104,14053
2028,-35.26496063571429,3570,13119
2029,-35.04043883,5172,14220
2030,-35.75817356,4204,9875
2031,-36.83015873,3871,11511
2032,-35.70916661,3637,8455
2033,-34.58817449,4037,11965
2034,-36.374036360000005,4605,12997
2035,-38.15989823,4371,6973
2036,-36.64805793,4238,11089
2037,-41.30401653,3704,7633
2038,-36.81177588,3704,10825
2039,-35.241689545,3403,7847
2040,-33.67160321,4304,17645
2041,-34.96599559,4504,10437
2042,-36.26038797,4271,5749
2043,-39.86747153,4571,11487
2044,-43.47455509,3370,8199
2045,-47.08163865,3904,9995
2046,-44.462859935,3370,6605
2047,-41.84408122,3670,11337
2048,-36.340643725,4738,5701
2049,-30.83720623,3937,13327
2050,-36.770990045000005,3837,13619
2051,-42.70477386,3237,10285
2052,-42.45505963,3770,11440
2053,-30.13699526,4504,14586
2054,-35.10054903,3871,11409
2055,-42.52567701,4638,11967
2056,-44.190173145,3871,10879
2057,-45.85466928,3570,14288
2058,-42.364745670000005,4171,8569
2059,-38.87482206,4471,10681
2060,-38.571310465,4404,12913
2061,-38.26779887,4171,14472
2062,-36.31224418,4137,13075
2063,-39.96508074,4004,9514
2064,-33.99744373,4571,12038
2065,-29.481145,4705,13121
2066,-33.3698922,4972,16671
2067,-43.947732,3704,6987
2068,-40.37975394,4605,13331
2069,-36.81177588,3804,9815
2070,-31.25314984,4304,12769
2071,-56.32959861,3403,10327
2072,-62.35019853,3437,8605
2073,-52.43405712,5439,11467
2074,-42.51791571,4171,11788
2075,-32.6017743,3270,11183
2076,-31.817508225,3904,15263
2077,-31.03324215,3470,10514
2078,-29.86043128,3504,11323
2079,-24.99849199,4137,24455
2080,-29.34785866,3537,8451
2081,-33.69722533,4504,9295
2082,-37.96899188,4805,11527
2083,-54.602402,3770,8180
2084,-56.68417395,4771,14206
2085,-51.401436180000005,5038,11481
2086,-46.11869841,4271,9249
2087,-47.57458736,3103,8494
2088,-54.74597369,4037,10836
2089,-55.045605925,3637,11036
2090,-55.34523816,3270,8148
2091,-34.76046225,4771,10302
2092,-38.96847138,3370,11911
2093,-39.05164933499999,4805,9409
2094,-39.13482729,3303,8673
2095,-36.45206031,3871,12811
2096,-34.77120038333334,3637,10497
2097,-33.09034045666667,3637,10460
2098,-31.40948053,4104,11578
2099,-39.78221315,3203,11205
2100,-29.8686839,4571,9293
2101,-30.108508085,4671,12283
2102,-30.34833227,4371,16815
2103,-30.588156455,4471,10022
2104,-30.82798064,3837,13497
2105,-29.25511986,3337,9101
2106,-51.72062018,3270,12679
2107,-20.29603743,3804,10536
2108,-36.54060226,4771,12387
2109,-35.9791159775,4671,14498
2110,-35.417629695,3737,13133
2111,-34.8561434125,3136,8824
2112,-34.29465713,3270,9605
2113,-37.3613393,4071,11429
2114,-47.70232333,3303,8686
2115,-52.46710665,3337,9170
2116,-44.25321696333333,4071,15772
2117,-36.03932727666667,4605,10073
2118,-27.82543759,4571,12443
2119,-32.62442331,4872,12023
2120,-42.77745956,3804,10754
2121,-42.15582583333333,3303,9144
2122,-41.534192106666666,3537,9811
2123,-40.91255838,3670,9681
2124,-54.89195847,3237,7699
2125,-50.57356401,3470,10315
2126,-46.17248118,4171,12235
2127,-44.28839879,6039,7589
2128,-61.68172342,3337,7530
2129,-25.40368191,4371,14921
2130,-23.52792399,3971,14663
2131,-29.851283520000003,4004,12201
2132,-36.17464305,4538,11357
2133,-36.34698779,4638,11041
2134,-41.86671289,4204,10307
2135,-47.38643799,3337,8491
2136,-45.625525395,3570,8579
2137,-43.8646128,3437,9751
2138,-40.301621960000006,3537,7839
2139,-36.73863112,4238,7683
2140,-35.73507019,3437,11606
2141,-34.73150926,4238,10209
2142,-46.01212174,3370,12108
2143,-36.88554184,3604,9263
2144,-39.0015397225,3504,10337
2145,-41.117537605,3871,12299
2146,-43.233535487500006,4872,14309
2147,-45.34953337,3136,8232
2148,-45.90683694,4204,9125
2149,-40.37040574,3337,10226
2150,-25.78731638,3136,11185
2151,-27.89875404,3637,13918
2152,-30.0101917,3103,10490
2153,-22.06987394,3937,11856
2154,-33.73580077,3871,13403
2155,-35.74192306,4438,11976
2156,-38.50516680333333,4571,6361
2157,-41.268410546666665,4204,10471
2158,-44.03165429,3937,8613
2159,-37.334063625,4271,11318
2160,-30.63647296,4171,13410
2161,-46.78717352,3537,10657
2162,-34.8332698,3971,9526
2163,-29.8110795,4471,12457
2164,-44.07392148,4304,13185
2165,-36.586359746666666,3804,11039
2166,-29.098798013333337,3670,9843
2167,-21.61123628,4671,14129
2168,-39.65391112,4805,13105
2169,-23.52394602,4504,13845
2170,-40.48176482,3737,6597
2171,-28.86400075,3804,12311
2172,-28.94528146,4905,21442
2173,-31.17602712,4404,12715
2174,-40.70885984,4471,9700
2175,-41.45940332,3904,13409
2176,-31.65952341,3570,11271
2177,-33.10223857,4037,12089
2178,-43.8646128,5839,10960
2179,-57.24474842,3704,11419
2180,-52.505825575,3470,11616
2181,-47.76690273,3437,10616
2182,-43.49912045,3904,12602
2183,-39.23133817,4905,12717
2184,-26.49676274,4972,21663
2185,-27.6510033,4037,14831
2186,-33.539320555,3704,10119
2187,-39.42763781,3437,10684
2188,-25.92779205,4204,14778
2189,-29.07994912,4271,13393
2190,-32.21468779,4171,8831
2191,-36.94128037,4338,6913
2192,-37.259497134,3470,9339
2193,-37.577713898,3637,9289
2194,-37.895930662000005,4371,14205
2195,-38.214147426,4271,9295
2196,-38.53236419,4538,9035
2197,-43.34290144,4605,11114
2198,-36.43445972,3604,7829
2199,-49.96833191,4338,15383
2200,-55.82348131,3270,10231
2201,-39.18294868,3804,12107
2202,-49.09504189,5405,11459
2203,-39.327755315,4037,10162
2204,-29.56046874,4671,20143
2205,-31.24347197,3770,15038
2206,-26.3413561,4905,19527
2207,-31.75461887,4504,13707
2208,-37.16788164,4271,12185
2209,-28.19198521,4938,18612
2210,-31.00496468,4004,12233
2211,-35.203910525,3570,15784
2212,-39.40285637,4171,14075
2213,-37.469657565000006,3737,15605
2214,-38.71332677,3470,11533
2215,-39.70215954,4171,17567
2216,-40.69099231,3570,15203
2217,-41.67982508,3770,14727
2218,-42.66865785,3804,20019
2219,-39.525264385,4972,23196
2220,-36.38187092,5906,13307
2221,-40.39811195,3871,18631
2222,-38.31133726,3470,14257
2223,-36.52282152,3937,13659
2224,-33.16234877,4238,19329
2225,-31.63925294,4538,12855
2226,-35.815387380000004,4571,13649
2227,-39.99152182,5105,16249
2228,-43.38934767000001,4371,17613
2229,-46.78717352,4671,16829
2230,-30.99555927,4638,20195
2231,-45.01264224,4905,11585
2232,-33.38225646,4671,13355
2233,-32.96383264,3704,14687
2234,-32.54540882,3837,13325
2235,-37.14585582,3637,8007
2236,-41.74630282,3704,8923
2237,-18.7960064,4538,18296
2238,-30.096460515,4204,14861
2239,-41.39691463,4304,13071
2240,-40.85868080333333,3971,9593
2241,-40.320446976666666,4638,16350
2242,-39.78221315,5372,13489
2243,-41.39691463,4304,9491
2244,-44.11639535,3437,9459
2245,-55.50174491,3737,10885
2246,-37.95270436,4404,10689
2247,-20.40366381,3871,25580
2248,-24.92808451,3570,15923
2249,-48.94528146,3237,13731
2250,-23.12747418,5038,20620
2251,-31.5086356,4471,18131
2252,-27.16683457,3704,14497
2253,-22.82503354,3704,24901
2254,-33.56986396,3871,17141
2255,-36.90408164,3704,12445
2256,-32.807495495,3303,16664
2257,-28.71090935,4271,13877
2258,-39.78221315,3504,14005
2259,-46.84527333,3203,11629
2260,-42.96068275,4771,21699
2261,-39.07609217,3904,19274
2262,-35.19150159,3237,12168
2263,-54.602402,3337,8939
2264,-56.75528091333333,4504,13371
2265,-58.90815982666667,3737,7645
2266,-61.06103874,3871,6781
2267,-52.06774036,3704,13155
2268,-43.07444198,5272,8993
2269,-26.98631929,4171,13475
2270,-30.87339077,4371,16047
2271,-34.76046225,5005,12407
2272,-37.09168914,5539,14829
2273,-33.23149201,3637,10811
2274,-29.37129488,4071,18607
2275,-35.11564181,4004,16939
2276,-49.88521272,3470,9370
2277,-33.35754552,4671,17463
2278,-46.78717352,3504,8609
2279,-32.83096674,3670,14571
2280,-38.305973218,3537,9520
2281,-43.780979696,3470,10709
2282,-49.255986174,5305,11478
2283,-54.730992652,3570,10881
2284,-60.20599913,3337,8141
2285,-44.37569489,3370,7881
2286,-47.70232333,3537,12395
2287,-48.51089647,3570,12337
2288,-45.262560305,5806,20361
2289,-42.01422414,3303,10517
2290,-38.765887975,3670,17585
2291,-35.51755181,4738,13173
2292,-51.92743685,3704,12365
2293,-45.011616145000005,3871,12605
2294,-38.09579544,5239,10509
2295,-41.530679785,3737,9905
2296,-44.96556413,3837,11617
2297,-44.24507755,3604,10397
2298,-41.2455944,3704,8417
2299,-38.24611125,5038,16299
2300,-29.71320928,3504,18243
2301,-31.62913542,4638,20845
2302,-36.38187092,3504,10798
2303,-44.24507755,3770,15375
2304,-48.51089647,3437,14479
2305,-40.0980985,4271,15871
2306,-37.76061877,4371,12139
2307,-35.42313904,3637,15559
2308,-32.3276046,4504,16107
2309,-29.23207016,3670,13169
2310,-18.3288139,3737,23306
2311,-28.2534664,3804,15736
2312,-28.40113392,3670,11990
2313,-28.54880144,4438,25384
2314,-28.69646896,3504,16939
2315,-37.1106747,4538,18293
2316,-41.695865455,4905,15517
2317,-46.28105621,3804,11161
2318,-44.91873981,4104,13875
2319,-36.31224418,5272,13123
2320,-19.67686606,4705,15913
2321,-44.07392148,3437,9797
2322,-26.5981556,4671,14315
2323,-31.48871383,4705,15085
2324,-34.09091309,3937,15203
2325,-29.71320928,4738,17005
2326,-36.37498419,4671,17909
2327,-43.0367591,3570,16321
2328,-42.882560595,3737,11851
2329,-42.72836209,3437,10217
2330,-42.574163585,3604,13208
2331,-42.41996508,5405,17853
2332,-28.72537378,4438,17211
2333,-33.39995316,4471,17371
2334,-38.07453254,3670,12481
2335,-35.512196896666666,3737,14005
2336,-32.94986125333333,4638,16137
2337,-30.38752561,4538,15939
2338,-28.66047268,4471,16317
2339,-35.93896492,4705,15325
2340,-29.81928535,3670,12961
2341,-32.71614373,3570,15820
2342,-35.61300211,4404,13587
2343,-41.05768342499999,4805,15505
2344,-46.50236474,5172,12471
2345,-35.19150159,4705,11957
2346,-53.91811999,4104,16105
2347,-39.18294868,3971,15943
2348,-29.87694438,3770,17463
2349,-38.62237421,4304,19003
2350,-40.9247721275,4838,16167
2351,-43.227170045,4805,14426
2352,-45.5295679625,4137,11393
2353,-47.83196588,3303,10319
2354,-42.96188028,4271,11325
2355,-44.31523404666667,4338,11697
2356,-45.66858781333333,4338,9373
2357,-47.02194158,4638,7353
2358,-44.15907794,3403,11576
2359,-43.53986883,3837,11784
2360,-25.16983565,4104,12562
2361,-34.63092711,4271,11433
2362,-35.506399015,5105,14504
2363,-36.38187092,5038,11842
2364,-28.33612418,4471,14777
2365,-24.91407124,4404,17297
2366,-38.94496422,3504,10005
2367,-29.30914156,4438,11834
2368,-24.76598642,4571,18020
2369,-28.696723972,4137,11180
2370,-32.627461524,5172,12722
2371,-36.558199076,3537,13515
2372,-40.488936628000005,3270,11525
2373,-44.41967418,3871,14305
2374,-46.17248118,4705,10287
2375,-48.845547415,4838,13521
2376,-51.51861365,3437,13671
2377,-43.930534136666665,3370,10727
2378,-36.34245462333333,3237,6465
2379,-28.75437511,4638,12842
2380,-31.96939775,4671,13693
2381,-32.31258865,4838,11755
2382,-22.87656016,4705,12045
2383,-36.20883951,3270,9919
2384,-34.399655705,4137,12584
2385,-32.5904719,4905,16764
2386,-35.6450534,5072,14457
2387,-42.81403178,3837,12799
2388,-43.257377505,3837,14794
2389,-43.70072323,3203,10063
2390,-41.435176033333335,3070,7886
2391,-39.16962883666667,4371,11923
2392,-36.90408164,4538,12027
2393,-43.46054508,4137,15672
2394,-23.35069497,3570,12592
2395,-32.131626675,3504,12913
2396,-40.91255838,3437,9785
2397,-38.71768995,3504,10393
2398,-36.52282152,4438,12406
2399,-36.357272985,3070,11775
2400,-36.19172445,3170,7613
2401,-36.77512651,4271,9012
2402,-42.7142089,4004,10424
2403,-48.65329129,3170,8648
2404,-43.78228148,3504,8122
2405,-43.90607298,3504,13087
2406,-26.66641442,5305,11755
2407,-29.51278762,4872,11043
2408,-47.14174886,3837,10378
2409,-43.69842453333333,3504,7351
2410,-40.25510020666667,3237,7778
2411,-36.81177588,5005,13981
2412,-40.07733866,4605,9871
2413,-43.34290144,4171,8963
2414,-44.547083025,5239,9765
2415,-45.75126461,3737,9716
2416,-40.01804365,3837,9427
